2, 249, 14, 150.79833620195066, 130.32669322709162, Infinity, Infinity, 16.36652408578455, 21.981298083912762, 1.2655367941962454, 1.0820725115819492, 0.5



0 -> 1, 0.0531272507927958, 0.028112449799196786, 0.035856573705179286
1 -> 0, 0.007342932262361275, 0.03614457831325301, 0.0398406374501992
1 -> 2, 0.04916065547075562, 0.025243832472748137, 0.0398406374501992
2 -> 1, 0.03750909681044312, 0.039873780837636257, 0.035856573705179286
1 -> 5, 0.04652251226946503, 0.047619047619047616, 0.027888446215139442
5 -> 1, 0.02808343531833165, 0.045037292025243834, 0.0199203187250996
2 -> 3, 0.0613373918655454, 0.039873780837636257, 0.0398406374501992
3 -> 2, 0.07595606047562906, 0.022662076878944348, 0.04780876494023904
2 -> 6, 0.11031935449860553, 0.02983362019506598, 0.09561752988047809
6 -> 2, 0.06111151347570637, 0.04159495123350545, 0.055776892430278883
3 -> 7, 0.08036972657164786, 0.04044750430292599, 0.07171314741035857
7 -> 3, 0.08963601706239789, 0.027825588066551922, 0.055776892430278883
3 -> 9, 0.070984988166904, 0.045037292025243834, 0.0398406374501992
9 -> 3, 0.05866079807680001, 0.032415375788869764, 0.04780876494023904
4 -> 5, 0.0647199397990971, 0.0321285140562249, 0.05179282868525897
5 -> 4, 0.013684267398669831, 0.0321285140562249, 0.043824701195219126
5 -> 6, 0.08521671964316783, 0.03098106712564544, 0.055776892430278883
6 -> 5, 0.05757477448922878, 0.04876649454962708, 0.08366533864541832
5 -> 15, 0.06818317360464743, 0.08777969018932874, 0.05179282868525897
15 -> 5, 0.06906934847357703, 0.09150889271371199, 0.01593625498007968
6 -> 9, 0.03725053824183072, 0.05220883534136546, 0.0
9 -> 6, 0.030811843479443886, 0.06827309236947791, 0.00796812749003984
6 -> 10, 0.10893666403857906, 0.026965002868617326, 0.10756972111553785
10 -> 6, 0.06664681574382998, 0.0444635685599541, 0.08764940239043825
7 -> 8, 0.03224969147594762, 0.024096385542168676, 0.035856573705179286
8 -> 7, 0.05340598600441255, 0.0321285140562249, 0.03187250996015936
7 -> 11, 0.06467820045672693, 0.040160642570281124, 0.0398406374501992
11 -> 7, 0.06568099949968427, 0.023522662076878944, 0.04780876494023904
9 -> 10, 0.07406169637910402, 0.039586919104991396, 0.035856573705179286
10 -> 9, 0.05766404519981695, 0.03442340791738382, 0.055776892430278883
9 -> 12, 0.039617994433847906, 0.05651176133103844, 0.00398406374501992
12 -> 9, 0.039469722522296635, 0.07314974182444062, 0.00398406374501992
10 -> 16, 0.14517650560799833, 0.04962707974756168, 0.14342629482071714
16 -> 10, 0.11172258321136828, 0.04589787722317843, 0.1394422310756972
11 -> 12, 0.03722857764811886, 0.029259896729776247, 0.027888446215139442
12 -> 11, 0.045565563539419714, 0.010040160642570281, 0.043824701195219126
11 -> 13, 0.034436083180726204, 0.03499713138267355, 0.03187250996015936
13 -> 11, 0.02266040754287434, 0.021514629948364887, 0.01593625498007968
12 -> 13, 0.01353512160043756, 0.03384968445209409, 0.00398406374501992
13 -> 12, 0.017316472505257228, 0.04159495123350545, 0.0
12 -> 19, 0.06567330602477565, 0.055651176133103844, 0.043824701195219126
19 -> 12, 0.06512228442540442, 0.04130808950086059, 0.04780876494023904
13 -> 19, 0.05153098089262047, 0.08806655192197362, 0.01195219123505976
19 -> 13, 0.04449913825500442, 0.06224899598393574, 0.027888446215139442
14 -> 15, 0.04736196391408752, 0.040160642570281124, 0.01593625498007968
15 -> 14, 0.018827924019444258, 0.01606425702811245, 0.035856573705179286
15 -> 16, 0.04939871478986167, 0.08089500860585198, 0.02390438247011952
16 -> 15, 0.031710694001944456, 0.03614457831325301, 0.03187250996015936
15 -> 18, 0.029214661369786454, 0.05938037865748709, 0.0199203187250996
18 -> 15, 0.03942057617373824, 0.06769936890418818, 0.00796812749003984
16 -> 19, 0.07825110625910078, 0.06483075157773953, 0.1394422310756972
19 -> 16, 0.13785978499131119, 0.04675846242111302, 0.12720546385885032
16 -> 20, 0.12443977402622332, 0.06196213425129088, 0.11525327262379055
20 -> 16, 0.11151319699989615, 0.05966724039013196, 0.11952191235059761
17 -> 18, 0.059198894303848226, 0.03614457831325301, 0.043824701195219126
18 -> 17, 0.01024190049949247, 0.024096385542168676, 0.027888446215139442
18 -> 20, 0.04386341249281219, 0.047905909351692484, 0.05976095617529881
20 -> 18, 0.025004368201452958, 0.04819277108433735, 0.01593625498007968
19 -> 21, 0.11209138987178711, 0.06741250717154332, 0.1394422310756972
21 -> 19, 0.1814581341623532, 0.03356282271944923, 0.18696642003414912
19 -> 22, 0.028504580950769683, 0.10269650028686174, 0.0
22 -> 19, 0.07989098670943677, 0.10240963855421686, 0.0
20 -> 21, 0.017902329604897408, 0.034710269650028686, 0.0
21 -> 20, 0.04824702440721784, 0.0708548479632817, 2.845759817871372E-4
20 -> 26, 0.0660387609753176, 0.07544463568559955, 0.0796812749003984
26 -> 20, 0.07946240082009402, 0.05737234652897304, 0.05179282868525897
21 -> 27, 0.038601938166066836, 0.025817555938037865, 0.0398406374501992
27 -> 21, 0.062342306394159934, 0.035283993115318414, 0.035856573705179286
21 -> 28, 0.07060068073256648, 0.053069420539300055, 0.09561752988047809
28 -> 21, 0.132700371342125, 0.013769363166953529, 0.1394422310756972
22 -> 24, 0.012916335634526042, 0.06569133677567413, 0.0
24 -> 22, 0.06023759054708011, 0.07544463568559955, 0.00398406374501992
22 -> 28, 0.04892496566788236, 0.05479059093516925, 0.01593625498007968
28 -> 22, 0.05970916488308065, 0.06483075157773953, 0.01195219123505976
23 -> 24, 0.043177395838648505, 0.0321285140562249, 0.00796812749003984
24 -> 23, 0.016198922553353815, 0.01606425702811245, 0.02390438247011952
24 -> 29, 0.08426529846416896, 0.025243832472748137, 0.05976095617529881
29 -> 24, 0.06846729769807768, 0.04704532415375789, 0.06374501992031872
24 -> 32, 0.013348446250292693, 0.0321285140562249, 0.01195219123505976
32 -> 24, 0.04913896804505636, 0.024096385542168676, 0.03187250996015936
25 -> 26, 0.04691455031120296, 0.01606425702811245, 0.02390438247011952
26 -> 25, 0.0169996923217717, 0.024096385542168676, 0.03187250996015936
26 -> 27, 0.051701851804867326, 0.020080321285140562, 0.0398406374501992
27 -> 26, 0.0561152250588921, 0.03126792885829031, 0.035856573705179286
26 -> 31, 0.05356141817116424, 0.05708548479632817, 0.055776892430278883
31 -> 26, 0.08432665356337894, 0.04388984509466437, 0.05179282868525897
27 -> 28, 0.0415626249188637, 0.03557085484796328, 0.03187250996015936
28 -> 27, 0.05467578273329998, 0.0321285140562249, 0.0199203187250996
28 -> 29, 0.09044722474279013, 0.08175559380378658, 0.10756972111553785
29 -> 28, 0.16270987797232703, 0.03700516351118761, 0.12749003984063745
29 -> 30, 0.044881216425100526, 0.05880665519219736, 0.035856573705179286
30 -> 29, 0.0760917487052574, 0.04388984509466437, 0.043824701195219126
30 -> 31, 0.019014657937462095, 0.028112449799196786, 0.0
31 -> 30, 0.015366242427170976, 0.025243832472748137, 0.0
30 -> 34, 0.014831541563529962, 0.024096385542168676, 0.00796812749003984
34 -> 30, 0.04226209680449421, 0.020080321285140562, 0.027888446215139442
31 -> 33, 0.02693884953329666, 0.028112449799196786, 0.02390438247011952
33 -> 31, 0.049373066520389405, 0.01606425702811245, 0.03187250996015936
2, 331, 14, 149.86059559775572, 128.60433604336043, Infinity, Infinity, 16.301071877159092, 21.774829988136364, 1.2669438298975872, 1.0749785319487122, 0.5



0 -> 1, 0.06198563472312452, 0.01812688821752266, 0.03523035230352303
1 -> 0, 0.018632574169616556, 0.04229607250755287, 0.02981029810298103
1 -> 2, 0.07852081894445258, 0.02956409149762624, 0.051490514905149054
2 -> 1, 0.05605861524004195, 0.046396201985325854, 0.032520325203252036
1 -> 5, 0.052676821261611474, 0.036685369011653, 0.016260162601626018
5 -> 1, 0.04293316193762904, 0.041001294777729826, 0.02168021680216802
2 -> 3, 0.0747809511346166, 0.04704359085023738, 0.04065040650406504
3 -> 2, 0.10167364877267786, 0.017479499352611134, 0.06233062330623306
2 -> 6, 0.14468775102659187, 0.029995684074233923, 0.10569105691056911
6 -> 2, 0.08063593839870982, 0.05826499784203712, 0.04878048780487805
3 -> 7, 0.10234421129698189, 0.04725938713854122, 0.05420054200542006
7 -> 3, 0.11211403766196223, 0.02611135088476478, 0.06445993031358885
3 -> 9, 0.10209201616182896, 0.04574881312041433, 0.04548974061169183
9 -> 3, 0.07763087572671197, 0.034311609840310744, 0.04607046070460705
4 -> 5, 0.07901219391901138, 0.027190332326283987, 0.04336043360433604
5 -> 4, 0.02995531276409716, 0.02416918429003021, 0.04065040650406504
5 -> 6, 0.11257676119356318, 0.02740612861458783, 0.05420054200542006
6 -> 5, 0.09129386338478232, 0.04078549848942598, 0.08401084010840108
5 -> 15, 0.0984611103141665, 0.061933534743202415, 0.05420054200542006
15 -> 5, 0.10675325731590526, 0.0649546827794562, 0.02710027100271003
6 -> 9, 0.05800281745140039, 0.06581786793267155, 0.005420054200542005
9 -> 6, 0.04451281685035249, 0.05697022011221407, 0.008130081300813009
6 -> 10, 0.1423570454552168, 0.01812688821752266, 0.10298102981029811
10 -> 6, 0.09091238185878403, 0.06560207164436772, 0.07046070460704607
7 -> 8, 0.04260992378819919, 0.027190332326283987, 0.02981029810298103
8 -> 7, 0.08151331061468499, 0.04229607250755287, 0.02981029810298103
7 -> 11, 0.091471728448879, 0.05373327578765645, 0.032520325203252036
11 -> 7, 0.07757360863830473, 0.026542943461372464, 0.042779713511420826
9 -> 10, 0.10253508270623875, 0.04013810962451446, 0.051490514905149054
10 -> 9, 0.0676499422133667, 0.022442813983599482, 0.04878048780487805
9 -> 12, 0.05254282698524222, 0.052006905481225725, 0.005420054200542005
12 -> 9, 0.04860339089684127, 0.061501942166594735, 0.006000774293457221
10 -> 16, 0.20263997004890605, 0.03711696158826068, 0.15718157181571815
16 -> 10, 0.16618300769365915, 0.06387570133793699, 0.12195121951219512
11 -> 12, 0.060712160282690955, 0.02956409149762624, 0.02168021680216802
12 -> 11, 0.06338717326872587, 0.009495036685369012, 0.04607046070460705
11 -> 13, 0.051864363632390977, 0.05934397928355632, 0.018970189701897018
13 -> 11, 0.03227812638447097, 0.028053517479499353, 0.012969415408439799
12 -> 13, 0.020866070730732305, 0.026758739749676307, 0.0027100271002710027
13 -> 12, 0.02432884663947746, 0.03085886922744929, 5.807200929152149E-4
12 -> 19, 0.09636620910825375, 0.052438498057833405, 0.02981029810298103
19 -> 12, 0.09934839377671359, 0.04380664652567976, 0.04878048780487805
13 -> 19, 0.07224972705870382, 0.10228744065602072, 0.013550135501355014
19 -> 13, 0.06519896950724016, 0.06905481225722918, 0.02168021680216802
14 -> 15, 0.06940066812210449, 0.03323262839879154, 0.024390243902439025
15 -> 14, 0.027140845126769935, 0.015105740181268883, 0.024390243902439025
15 -> 16, 0.07871510338864617, 0.06689684937419077, 0.02981029810298103
16 -> 15, 0.04572630680143929, 0.01855848079413034, 0.02168021680216802
15 -> 18, 0.04168210061679436, 0.03258523953388002, 0.024390243902439025
18 -> 15, 0.06594501273656243, 0.05373327578765645, 0.008130081300813009
16 -> 19, 0.12909426204244107, 0.06732844195079844, 0.14363143631436315
19 -> 16, 0.21362751897553375, 0.045317220543806644, 0.1173054587688734
16 -> 20, 0.1538196135101555, 0.04423823910228744, 0.10104529616724739
20 -> 16, 0.1688808704995392, 0.059775571860164, 0.0948509485094851
17 -> 18, 0.08397690923276568, 0.03927492447129909, 0.032520325203252036
18 -> 17, 0.018172408533938072, 0.02416918429003021, 0.02981029810298103
18 -> 20, 0.0659947300521843, 0.03646957272334916, 0.04878048780487805
20 -> 18, 0.04085947059160842, 0.06063875701337937, 0.01084010840108401
19 -> 21, 0.20086757521542484, 0.08221838584376348, 0.14092140921409213
21 -> 19, 0.30303147411346665, 0.02416918429003021, 0.17692605497483546
19 -> 22, 0.04388280682903593, 0.10789814415192059, 0.0
22 -> 19, 0.12638754773003086, 0.12019853258523953, 0.0
20 -> 21, 0.023550769582222908, 0.034311609840310744, 0.0
21 -> 20, 0.06800140042308468, 0.06991799741044454, 0.0019357336430507162
20 -> 26, 0.08431814882940535, 0.047475183426845056, 0.07588075880758807
26 -> 20, 0.12497879873185001, 0.07574449719464825, 0.04336043360433604
21 -> 27, 0.06056269139753726, 0.03819594302977989, 0.03523035230352303
27 -> 21, 0.09035828911192774, 0.03495899870522227, 0.024390243902439025
21 -> 28, 0.1077197820557633, 0.06322831247302546, 0.10298102981029811
28 -> 21, 0.18506755945674688, 0.01985325852395339, 0.14363143631436315
22 -> 24, 0.02560980343921908, 0.06624946050927924, 0.0027100271002710027
24 -> 22, 0.09583020610250721, 0.08847647820457488, 0.0027100271002710027
22 -> 28, 0.05772230866564715, 0.05459646094087182, 0.02168021680216802
28 -> 22, 0.07060758041459123, 0.0476909797151489, 0.02168021680216802
23 -> 24, 0.07621462198468976, 0.03323262839879154, 0.024390243902439025
24 -> 23, 0.022424721820617225, 0.021148036253776436, 0.02981029810298103
24 -> 29, 0.11641116683092466, 0.01985325852395339, 0.06775067750677506
29 -> 24, 0.09993414259996879, 0.04510142425550281, 0.06504065040650407
24 -> 32, 0.03345771903331081, 0.030211480362537766, 0.02168021680216802
32 -> 24, 0.06717550604487392, 0.027190332326283987, 0.024390243902439025
25 -> 26, 0.06514226243069889, 0.027190332326283987, 0.024390243902439025
26 -> 25, 0.02722427824022602, 0.030211480362537766, 0.03523035230352303
26 -> 27, 0.08238334051052394, 0.016184721622788088, 0.04878048780487805
27 -> 26, 0.07172627860499796, 0.0466119982736297, 0.03484320557491289
26 -> 31, 0.06926984137104604, 0.04984894259818731, 0.0402632597754549
31 -> 26, 0.13913946699178875, 0.0476909797151489, 0.06233062330623306
27 -> 28, 0.062329482398977676, 0.02913249892101856, 0.037940379403794036
28 -> 27, 0.08189884399309035, 0.03819594302977989, 0.029423151374370887
28 -> 29, 0.1459692986877612, 0.07790246007768667, 0.11653116531165311
29 -> 28, 0.2375309930463027, 0.04574881312041433, 0.137824235385211
29 -> 30, 0.0744472132823724, 0.06581786793267155, 0.043747580332946186
30 -> 29, 0.11472903295925521, 0.04984894259818731, 0.04878048780487805
30 -> 31, 0.033529171717678684, 0.026758739749676307, 0.003097173828881146
31 -> 30, 0.02217103097773006, 0.02589555459646094, 0.0
30 -> 34, 0.02387359415361917, 0.021148036253776436, 0.02168021680216802
34 -> 30, 0.05987781407308877, 0.021148036253776436, 0.024390243902439025
31 -> 33, 0.0352892111977558, 0.027190332326283987, 0.024390243902439025
33 -> 31, 0.0780105266413144, 0.021148036253776436, 0.037940379403794036
2, 482, 14, 165.55838767042087, 152.05212355212356, Infinity, Infinity, 16.1283768880168, 20.745270194194077, 1.2439236182425981, 1.076449593342932, 0.5



0 -> 1, 0.08262611669765936, 0.02074688796680498, 0.021235521235521235
1 -> 0, 0.021230257183039395, 0.026970954356846474, 0.023166023166023165
1 -> 2, 0.10488524411095683, 0.028304682868998222, 0.04826254826254826
2 -> 1, 0.07230181965613176, 0.03749259039715471, 0.03474903474903475
1 -> 5, 0.08142723811100525, 0.04238292827504446, 0.007722007722007722
5 -> 1, 0.05677523619084801, 0.03319502074688797, 0.017374517374517374
2 -> 3, 0.09819815052250266, 0.04608772969768821, 0.03861003861003861
3 -> 2, 0.12761099239028892, 0.026229994072317724, 0.04054054054054054
2 -> 6, 0.1710979003995551, 0.026526378186129223, 0.07915057915057915
6 -> 2, 0.09883039169496087, 0.0472732661529342, 0.059845559845559844
3 -> 7, 0.1301852925187277, 0.03808535862477771, 0.04826254826254826
7 -> 3, 0.16642618754713956, 0.02963841138114997, 0.055984555984555984
3 -> 9, 0.14816552372195743, 0.04593953764078246, 0.05019305019305019
9 -> 3, 0.09775460551043251, 0.03867812685240071, 0.03861003861003861
4 -> 5, 0.11644480091078023, 0.03112033195020747, 0.03861003861003861
5 -> 4, 0.040220839706885635, 0.02074688796680498, 0.032818532818532815
5 -> 6, 0.15759546382833983, 0.03941908713692946, 0.07142857142857142
6 -> 5, 0.1226670019930657, 0.03423236514522822, 0.0694980694980695
5 -> 15, 0.14495654897006277, 0.07261410788381743, 0.03861003861003861
15 -> 5, 0.13665385736844532, 0.05823947836395969, 0.0444015444015444
6 -> 9, 0.07515917265884768, 0.07098399525785418, 0.007722007722007722
9 -> 6, 0.06000855416496368, 0.05008891523414345, 0.005791505791505791
6 -> 10, 0.1863096910038444, 0.022821576763485476, 0.10424710424710425
10 -> 6, 0.11924860073427448, 0.04682868998221695, 0.09266409266409266
7 -> 8, 0.04947381238205063, 0.035269709543568464, 0.021235521235521235
8 -> 7, 0.11757981501142356, 0.043568464730290454, 0.025096525096525095
7 -> 11, 0.1265483556798584, 0.051570835803200946, 0.03667953667953668
11 -> 7, 0.09839895550127888, 0.04104919976289271, 0.04054054054054054
9 -> 10, 0.14237205466705102, 0.026970954356846474, 0.05791505791505792
10 -> 9, 0.08219340215446429, 0.02756372258446947, 0.04247104247104247
9 -> 12, 0.0665138998211112, 0.06742738589211618, 0.003861003861003861
12 -> 9, 0.06322862940987362, 0.0511262596324837, 0.003861003861003861
10 -> 16, 0.26786738433491347, 0.03260225251926497, 0.15637065637065636
16 -> 10, 0.20527834817402943, 0.06550088915234144, 0.13513513513513514
11 -> 12, 0.0794583636801655, 0.029045643153526972, 0.02702702702702703
12 -> 11, 0.08289906446995667, 0.026674570243034972, 0.05019305019305019
11 -> 13, 0.07610330580854542, 0.046680497925311204, 0.011583011583011582
13 -> 11, 0.04504658688113956, 0.03230586840545347, 0.015444015444015444
12 -> 13, 0.019566441129593125, 0.02682276229994072, 0.0019305019305019305
13 -> 12, 0.04078312513740351, 0.03793716656787196, 0.0019305019305019305
12 -> 19, 0.12307695463812796, 0.06935388263189093, 0.03474903474903475
19 -> 12, 0.14002131624137076, 0.0540901007705987, 0.05405405405405406
13 -> 19, 0.09216024409218675, 0.06816834617664493, 0.011583011583011582
19 -> 13, 0.09479600500015872, 0.07943094250148192, 0.019305019305019305
14 -> 15, 0.09460903661031893, 0.024896265560165973, 0.02702702702702703
15 -> 14, 0.033938713023578, 0.01867219917012448, 0.017374517374517374
15 -> 16, 0.11053173180127436, 0.07202133965619442, 0.03474903474903475
16 -> 15, 0.05785369503934589, 0.01867219917012448, 0.02895752895752896
15 -> 18, 0.06153124206403438, 0.03764078245406046, 0.019305019305019305
18 -> 15, 0.09535208231600857, 0.06001778304682869, 0.019305019305019305
16 -> 19, 0.16898165487495345, 0.07898636633076467, 0.15526751241036954
19 -> 16, 0.2544116831277652, 0.04090100770598696, 0.11155543298400442
16 -> 20, 0.18471916771022454, 0.045050385299347954, 0.07997793712079426
20 -> 16, 0.2810882061015892, 0.06475992886781269, 0.10824600110314396
17 -> 18, 0.12189385458580503, 0.04771784232365145, 0.02895752895752896
18 -> 17, 0.01906308923075623, 0.026970954356846474, 0.02702702702702703
18 -> 20, 0.08548546473141039, 0.05127445168938945, 0.03474903474903475
20 -> 18, 0.043965626425006454, 0.054979253112033194, 0.017374517374517374
19 -> 21, 0.2569866034537044, 0.06505631298162419, 0.16616105901820188
21 -> 19, 0.4135693633556831, 0.01926496739774748, 0.1533370104798676
19 -> 22, 0.04815093497885916, 0.11707172495554238, 0.0
22 -> 19, 0.2084957646864153, 0.12492590397154713, 0.015444015444015444
20 -> 21, 0.03208441426584946, 0.04771784232365145, 0.0017926089354660783
21 -> 20, 0.10105032694842266, 0.051570835803200946, 0.01006618863761721
20 -> 26, 0.10738643276332085, 0.0558684054534677, 0.06563706563706563
26 -> 20, 0.17845735489439107, 0.08787788974510966, 0.06053502482073911
21 -> 27, 0.0744889979768166, 0.03615886188500297, 0.032818532818532815
27 -> 21, 0.1126192739295, 0.02756372258446947, 0.028268063982349698
21 -> 28, 0.14949744972560977, 0.061351511558980436, 0.1274131274131274
28 -> 21, 0.2039318778821441, 0.011410788381742738, 0.11776061776061776
22 -> 24, 0.029142920185663446, 0.07705986959098993, 0.003861003861003861
24 -> 22, 0.2564851358517221, 0.10417901600474215, 0.03033645890788748
22 -> 28, 0.11674146919617741, 0.05557202133965619, 0.038058466629895205
28 -> 22, 0.08801383619201193, 0.0487551867219917, 0.021235521235521235
23 -> 24, 0.12497615316034974, 0.03112033195020747, 0.02702702702702703
24 -> 23, 0.03279483134761514, 0.01867219917012448, 0.02895752895752896
24 -> 29, 0.12308338410099474, 0.03408417308832246, 0.04950358521787093
29 -> 24, 0.205764033484694, 0.06742738589211618, 0.08370104798676227
24 -> 32, 0.04333184390920022, 0.03941908713692946, 0.032818532818532815
32 -> 24, 0.10165358626378064, 0.03112033195020747, 0.021235521235521235
25 -> 26, 0.0911017526475384, 0.024896265560165973, 0.03088803088803089
26 -> 25, 0.03142099627219909, 0.035269709543568464, 0.032818532818532815
26 -> 27, 0.12106814426738872, 0.02015411973918198, 0.04922779922779923
27 -> 26, 0.09189997807251649, 0.0484588026081802, 0.02702702702702703
26 -> 31, 0.08991036415678037, 0.048310610551274454, 0.03667953667953668
31 -> 26, 0.21539398763982653, 0.07483698873740367, 0.07308328736900166
27 -> 28, 0.07306234033338384, 0.03275044457617072, 0.03640375068946498
28 -> 27, 0.08320465151894199, 0.04001185536455246, 0.025096525096525095
28 -> 29, 0.18921508159750675, 0.05853586247777119, 0.13099834528405957
29 -> 28, 0.6503347850681759, 0.015263781861292234, 0.09128516271373414
29 -> 30, 0.12028223092800772, 0.06683461766449318, 0.052123552123552123
30 -> 29, 0.16621822920932597, 0.04445761707172496, 0.042746828461114175
30 -> 31, 0.06908563790214235, 0.0454949614700652, 0.009652509652509652
31 -> 30, 0.03066670502734783, 0.025192649673977476, 2.757859900717044E-4
30 -> 34, 0.03512140545077853, 0.024896265560165973, 0.02895752895752896
34 -> 30, 0.09544982975967367, 0.026970954356846474, 0.023166023166023165
31 -> 33, 0.04671477733422013, 0.026970954356846474, 0.025096525096525095
33 -> 31, 0.11525847845256097, 0.026970954356846474, 0.03474903474903475
2, 588, 14, 196.9112001943635, 192.77941176470588, Infinity, Infinity, 15.984627381595923, 20.840795946612136, 1.232182784555479, 1.075436295030842, 0.5



0 -> 1, 0.09731395210189643, 0.022108843537414966, 0.021241830065359478
1 -> 0, 0.02607603686155419, 0.02891156462585034, 0.02287581699346405
1 -> 2, 0.1272306455770516, 0.027453838678328474, 0.04738562091503268
2 -> 1, 0.09017074817818645, 0.043974732750242954, 0.03431372549019608
1 -> 5, 0.09426333547088349, 0.043488824101068996, 0.006535947712418301
5 -> 1, 0.06672061047476142, 0.028668610301263362, 0.014705882352941176
2 -> 3, 0.10971203968594948, 0.03510689990281827, 0.03104575163398693
3 -> 2, 0.1479137791893676, 0.03389212827988338, 0.032679738562091505
2 -> 6, 0.1924034678452105, 0.02903304178814383, 0.07026143790849673
6 -> 2, 0.11586221460652037, 0.04336734693877551, 0.05555555555555555
3 -> 7, 0.14113870482710933, 0.03328474246841594, 0.04084967320261438
7 -> 3, 0.21138353711045196, 0.03255587949465501, 0.04435107376283847
3 -> 9, 0.18559109979014723, 0.045310981535471334, 0.04435107376283847
9 -> 3, 0.09841085558519998, 0.03972303206997085, 0.04084967320261438
4 -> 5, 0.13251140657737145, 0.027210884353741496, 0.032679738562091505
5 -> 4, 0.046631770330100575, 0.01870748299319728, 0.032679738562091505
5 -> 6, 0.18123143950433201, 0.042031098153547136, 0.05695611577964519
6 -> 5, 0.14257401150725763, 0.02903304178814383, 0.06209150326797386
5 -> 15, 0.17887197131950114, 0.06681243926141886, 0.032913165266106444
15 -> 5, 0.15587214939037605, 0.05478620019436346, 0.042483660130718956
6 -> 9, 0.09210166375638744, 0.06620505344995141, 0.008169934640522876
9 -> 6, 0.0728976554729329, 0.049441205053449955, 0.006535947712418301
6 -> 10, 0.21582230938861055, 0.02089407191448008, 0.09453781512605042
10 -> 6, 0.14063112805314992, 0.03899416909620991, 0.08986928104575163
7 -> 8, 0.05428647118535297, 0.034013605442176874, 0.016339869281045753
8 -> 7, 0.13567309117123777, 0.04591836734693878, 0.024509803921568627
7 -> 11, 0.14356703762790715, 0.045068027210884355, 0.03431372549019608
11 -> 7, 0.11526098384675634, 0.04433916423712342, 0.032913165266106444
9 -> 10, 0.1822102183953205, 0.025145772594752185, 0.05555555555555555
10 -> 9, 0.10150470258094581, 0.035835762876579205, 0.04738562091503268
9 -> 12, 0.08975567568239577, 0.07203595724003888, 0.0032679738562091504
12 -> 9, 0.07477215702664364, 0.050898931000971814, 0.004668534080298786
10 -> 16, 0.31825638695454467, 0.0336491739552964, 0.1484593837535014
16 -> 10, 0.24525607343351039, 0.060738581146744415, 0.13398692810457516
11 -> 12, 0.09514440797017752, 0.023080660835762875, 0.029411764705882353
12 -> 11, 0.09604997451956117, 0.01882896015549077, 0.049019607843137254
11 -> 13, 0.08603877040342622, 0.048833819241982504, 0.004901960784313725
13 -> 11, 0.054404915794857504, 0.045553935860058306, 0.008403361344537815
12 -> 13, 0.03376870542163322, 0.047619047619047616, 0.0
13 -> 12, 0.04410182421126418, 0.031219630709426627, 0.003034547152194211
12 -> 19, 0.15555755747087724, 0.04628279883381924, 0.0457516339869281
19 -> 12, 0.15711524012287104, 0.045796890184645285, 0.05718954248366013
13 -> 19, 0.11441446187590794, 0.08649173955296405, 0.00980392156862745
19 -> 13, 0.11309827391587297, 0.08211856171039844, 0.0196078431372549
14 -> 15, 0.10548781423436074, 0.027210884353741496, 0.024509803921568627
15 -> 14, 0.03914041397742414, 0.025510204081632654, 0.017973856209150325
15 -> 16, 0.13557087331097367, 0.061710398445092324, 0.028011204481792718
16 -> 15, 0.06645064109489328, 0.022351797862001945, 0.027777777777777776
15 -> 18, 0.08154178549329442, 0.04725461613216715, 0.014705882352941176
18 -> 15, 0.1152303213163066, 0.06438289601554907, 0.0196078431372549
16 -> 19, 0.21959756562183716, 0.07082118561710399, 0.15336134453781514
19 -> 16, 0.27636871894587606, 0.03498542274052478, 0.10866013071895425
16 -> 20, 0.21646616142010885, 0.03717201166180758, 0.0685107376283847
20 -> 16, 0.3162945552601972, 0.060738581146744415, 0.111577964519141
17 -> 18, 0.14301041656534644, 0.04251700680272109, 0.024509803921568627
18 -> 17, 0.02410353086536562, 0.03231292517006803, 0.026143790849673203
18 -> 20, 0.10146143321525185, 0.049441205053449955, 0.029411764705882353
20 -> 18, 0.053719426073260745, 0.06997084548104957, 0.027777777777777776
19 -> 21, 0.3555313575983721, 0.0652332361516035, 0.17670401493930907
21 -> 19, 0.4905837719192997, 0.018950437317784258, 0.13760504201680673
19 -> 22, 0.053113884340777476, 0.10179786200194363, 0.0
22 -> 19, 0.23293261195540022, 0.10738581146744412, 0.028711484593837534
20 -> 21, 0.04890384990004991, 0.03899416909620991, 0.003034547152194211
21 -> 20, 0.12961823277201234, 0.0597667638483965, 0.022175536881419235
20 -> 26, 0.12092321420075083, 0.056851311953352766, 0.058823529411764705
26 -> 20, 0.2346208673383347, 0.09207968901846453, 0.07294584500466854
21 -> 27, 0.07855066311181667, 0.038022351797862, 0.029411764705882353
27 -> 21, 0.12147203106636849, 0.02490281827016521, 0.028244631185807657
21 -> 28, 0.16946747337170048, 0.054057337220602526, 0.13562091503267973
28 -> 21, 0.22801820583390295, 0.0195578231292517, 0.11519607843137254
22 -> 24, 0.03803361915386378, 0.07349368318756073, 0.0032679738562091504
24 -> 22, 0.3968517196375257, 0.10082604470359573, 0.07446311858076564
22 -> 28, 0.15602800179853854, 0.05612244897959184, 0.07516339869281045
28 -> 22, 0.101156911696705, 0.041180758017492713, 0.027777777777777776
23 -> 24, 0.14383982976691018, 0.03231292517006803, 0.03594771241830065
24 -> 23, 0.04258108332364145, 0.022108843537414966, 0.03104575163398693
24 -> 29, 0.21071121250696612, 0.023202137998056364, 0.031512605042016806
29 -> 24, 0.2578393603657878, 0.05393586005830904, 0.10107376283846872
24 -> 32, 0.055157898824246286, 0.04251700680272109, 0.03104575163398693
32 -> 24, 0.12074555769352872, 0.034013605442176874, 0.026143790849673203
25 -> 26, 0.11062040986486436, 0.022108843537414966, 0.03431372549019608
26 -> 25, 0.03666743157775819, 0.034013605442176874, 0.029411764705882353
26 -> 27, 0.14094902071725213, 0.028304178814382897, 0.04586834733893557
27 -> 26, 0.10836137383210774, 0.04190962099125364, 0.032563025210084036
26 -> 31, 0.10717751989525344, 0.049927113702623906, 0.04236694677871149
31 -> 26, 0.2697023352730655, 0.08855685131195336, 0.07633053221288516
27 -> 28, 0.09324512171333332, 0.038386783284742466, 0.030695611577964518
28 -> 27, 0.09371653282368342, 0.03717201166180758, 0.03092903828197946
28 -> 29, 0.22281430851023548, 0.056851311953352766, 0.1303688141923436
29 -> 28, 0.8118966046475248, 0.009596695821185617, 0.05788982259570495
29 -> 30, 0.14844651301417416, 0.06025267249757046, 0.05567226890756303
30 -> 29, 0.21028876849762335, 0.033527696793002916, 0.046218487394957986
30 -> 31, 0.10514111704785234, 0.06013119533527697, 0.008169934640522876
31 -> 30, 0.0363497991771282, 0.02490281827016521, 0.001984126984126984
30 -> 34, 0.042723629098070974, 0.022108843537414966, 0.029411764705882353
34 -> 30, 0.12289230253774595, 0.034013605442176874, 0.02287581699346405
31 -> 33, 0.055343232778703524, 0.025510204081632654, 0.027777777777777776
33 -> 31, 0.13588913425537202, 0.03231292517006803, 0.0392156862745098
2, 749, 14, 253.01096700362385, 256.9773635153129, Infinity, Infinity, 15.77369456657333, 19.99065007199055, 1.206469258914644, 1.0777254906872498, 0.5



0 -> 1, 0.11939145584128905, 0.025367156208277702, 0.019973368841544607
1 -> 0, 0.03577187167910438, 0.02403204272363151, 0.018641810918774968
1 -> 2, 0.15282681149553684, 0.02441350371924471, 0.04660452729693742
2 -> 1, 0.11155737385408479, 0.03881365630364295, 0.03186227886627354
1 -> 5, 0.12313798049459015, 0.04682433721152012, 0.007989347536617843
5 -> 1, 0.0776144228406439, 0.02441350371924471, 0.013410690507894237
2 -> 3, 0.1497321831220179, 0.035285142094220866, 0.03509606239299981
3 -> 2, 0.1862680778313093, 0.02345985123021171, 0.03595206391478029
2 -> 6, 0.24213462509495498, 0.025176425710471104, 0.0674338976602625
6 -> 2, 0.13325794909907612, 0.043391188251001335, 0.053167205630587785
3 -> 7, 0.1749478106739577, 0.02889567041769979, 0.04936275442267453
7 -> 3, 0.2371776765177595, 0.02441350371924471, 0.05059920106524634
3 -> 9, 0.20676132604962474, 0.038146099561319854, 0.04708008369792657
9 -> 3, 0.10721597547893771, 0.030802975395765785, 0.05202587026821381
4 -> 5, 0.15406013442802874, 0.029372496662216287, 0.02796271637816245
5 -> 4, 0.0589442327085788, 0.018691588785046728, 0.02929427430093209
5 -> 6, 0.21575986334052039, 0.04997139042532901, 0.050789423625642004
6 -> 5, 0.17133615490108217, 0.027942017928666792, 0.056020544036522735
5 -> 15, 0.2421390776654245, 0.07161930192637803, 0.046414304736541755
15 -> 5, 0.180162034209491, 0.05121113866107191, 0.045272969374167776
6 -> 9, 0.1323362442988278, 0.06999809269502194, 0.010652463382157125
9 -> 6, 0.09586903620008244, 0.04978065992752241, 0.007989347536617843
6 -> 10, 0.2606290069742952, 0.01831012778943353, 0.08227125737112422
10 -> 6, 0.13192683073058445, 0.029372496662216287, 0.0758988015978695
7 -> 8, 0.05823265212046201, 0.03337783711615487, 0.02130492676431425
8 -> 7, 0.16422168286026612, 0.03871829105473965, 0.023968042609853527
7 -> 11, 0.1967323629220792, 0.04358191874880794, 0.037283621837549935
11 -> 7, 0.12024721608112583, 0.040434865534999045, 0.038520068480121746
9 -> 10, 0.17530297392719338, 0.019740606522983026, 0.04974319954346586
10 -> 9, 0.11702112814436871, 0.022696929238985315, 0.05868365988206201
9 -> 12, 0.1429120796120789, 0.08048827007438489, 0.0039946737683089215
12 -> 9, 0.09513596863410982, 0.05931718481785237, 0.005326231691078562
10 -> 16, 0.38494008502279486, 0.03147053213808888, 0.1293513410690508
16 -> 10, 0.20810405883693628, 0.044154110242227734, 0.13191934563439223
11 -> 12, 0.1380534931206628, 0.021361815754339118, 0.03595206391478029
12 -> 11, 0.08476544236774737, 0.015449170322334541, 0.04784097393950922
11 -> 13, 0.10568790198165824, 0.055979401106236885, 0.005326231691078562
13 -> 11, 0.06709397333620794, 0.0520694259012016, 0.010652463382157125
12 -> 13, 0.050730025329899134, 0.0514018691588785, 0.0
13 -> 12, 0.057362159507928945, 0.04100705702841884, 0.0013315579227696406
12 -> 19, 0.21393741801906843, 0.0534999046347511, 0.05059920106524634
19 -> 12, 0.13756404030887584, 0.043486553499904636, 0.05982499524443599
13 -> 19, 0.14702450524578267, 0.09450696166316994, 0.009320905459387484
19 -> 13, 0.12330426874435556, 0.09355330917413694, 0.015978695073235686
14 -> 15, 0.1264352794449471, 0.025367156208277702, 0.02796271637816245
15 -> 14, 0.04309002832910929, 0.028037383177570093, 0.015978695073235686
15 -> 16, 0.1763643576580163, 0.06522983024985696, 0.04089785048506753
16 -> 15, 0.0679293743355133, 0.02927713141331299, 0.021400038044512078
15 -> 18, 0.1030335751248664, 0.053786000381460995, 0.023968042609853527
18 -> 15, 0.15125624246607217, 0.06666030898340644, 0.03300361422864752
16 -> 19, 0.26740895899442746, 0.0777226778561892, 0.1448544797412973
19 -> 16, 0.27875214925524033, 0.0539767308792676, 0.07228457295035191
16 -> 20, 0.24037786706078737, 0.04472630173564753, 0.06391478029294274
20 -> 16, 0.6862283937177984, 0.047873354949456416, 0.12887578466806163
17 -> 18, 0.1729645531936243, 0.04138851802403204, 0.02130492676431425
18 -> 17, 0.031007566026833185, 0.029372496662216287, 0.02796271637816245
18 -> 20, 0.13151556639971235, 0.0531184436391379, 0.02016359140194027
20 -> 18, 0.08240929707997016, 0.07400343314896052, 0.03985162640289138
19 -> 21, 0.4399031443248745, 0.050638947167652104, 0.1626402891382918
21 -> 19, 0.9515715662502943, 0.0, 0.021970705725699067
19 -> 22, 0.08033749503929319, 0.10995613198550448, 0.0
22 -> 19, 0.4103356611650519, 0.1312225824909403, 0.08265170249191554
20 -> 21, 0.07451719199648807, 0.03395002860957467, 0.01426669202967472
21 -> 20, 0.2714571073704685, 0.04367728399771124, 0.06210766596918395
20 -> 26, 0.13744721396764156, 0.06399008201411406, 0.05725699067909454
26 -> 20, 0.4237875867249259, 0.08897577722677856, 0.09007038234734639
21 -> 27, 0.09672101718172325, 0.04587068472248713, 0.022636484687083888
27 -> 21, 0.11882478420795202, 0.013541865344268548, 0.017690698116796653
21 -> 28, 0.2420405499052463, 0.03948121304596605, 0.14257180901654937
28 -> 21, 0.19702941819760517, 0.01621209231356094, 0.05468898611375309
22 -> 24, 0.058045453803575245, 0.07343124165554073, 0.002663115845539281
24 -> 22, 0.5923138051198917, 0.08935723822239176, 0.07761080464143047
22 -> 28, 0.12577466043945176, 0.06351325576959756, 0.03471561727220848
28 -> 22, 0.2143183364018604, 0.0795346175853519, 0.04375118889100247
23 -> 24, 0.1763608052881687, 0.03204272363150868, 0.03595206391478029
24 -> 23, 0.05083879825026411, 0.0267022696929239, 0.02663115845539281
24 -> 29, 0.2773527562450052, 0.03118443639137898, 0.03186227886627354
29 -> 24, 0.24156033629831114, 0.04577531947358383, 0.0961575042800076
24 -> 32, 0.06910891725570131, 0.03337783711615487, 0.03062583222370173
32 -> 24, 0.1495806569689912, 0.029372496662216287, 0.023968042609853527
25 -> 26, 0.1447267387790411, 0.025367156208277702, 0.037283621837549935
26 -> 25, 0.048175320982991716, 0.037383177570093455, 0.03195739014647137
26 -> 27, 0.19017400151536737, 0.05998474156017547, 0.03994673768308921
27 -> 26, 0.1409269403142131, 0.04291436200648484, 0.02415826517024919
26 -> 31, 0.13075179987688762, 0.05416746137707419, 0.040041848963287045
31 -> 26, 0.43457163635387935, 0.1069044440205989, 0.08731215522160929
27 -> 28, 0.17203210756523882, 0.0781995041007057, 0.03690317671675861
28 -> 27, 0.1031166070283198, 0.04081632653061224, 0.01750047555640099
28 -> 29, 0.32128072730363477, 0.04739652870493992, 0.1303024538710291
29 -> 28, 0.905636085346708, 0.006770932672134274, 0.03338405934943885
29 -> 30, 0.2175354419208984, 0.06513446500095366, 0.06657789613848203
30 -> 29, 0.6717425545940376, 0.027083730688537096, 0.03395472703062583
30 -> 31, 0.20737573330636355, 0.06971199694831204, 0.03547650751379114
31 -> 30, 0.043225668763832874, 0.0263208086973107, 0.005516454251474225
30 -> 34, 0.05631709888657651, 0.029372496662216287, 0.03062583222370173
34 -> 30, 0.16684532940817398, 0.03471295060080107, 0.02929427430093209
31 -> 33, 0.0734110321425833, 0.02403204272363151, 0.023968042609853527
33 -> 31, 0.16839542019490963, 0.030707610146862484, 0.03462050599201065
2, 844, 14, 336.2687034529452, 346.0852803738318, Infinity, Infinity, 15.687338823331535, 19.476894151142908, 1.19525634879955, 1.0765140675686946, 0.5



0 -> 1, 0.13514530652810014, 0.024881516587677725, 0.016355140186915886
1 -> 0, 0.03317748332009023, 0.022511848341232227, 0.018691588785046728
1 -> 2, 0.1686905074444394, 0.028605280974949222, 0.04439252336448598
2 -> 1, 0.12344552309278074, 0.037914691943127965, 0.02611815754339119
1 -> 5, 0.1346864818471703, 0.0479011509817197, 0.005841121495327103
5 -> 1, 0.08146206971603133, 0.026743398781313474, 0.01243324432576769
2 -> 3, 0.16915856660461318, 0.036052809749492216, 0.042807076101468625
3 -> 2, 0.21104017154531385, 0.025220040622884226, 0.03813417890520694
2 -> 6, 0.2642393323924974, 0.02014218009478673, 0.06191588785046729
6 -> 2, 0.14801127475225068, 0.04028436018957346, 0.05298731642189586
3 -> 7, 0.19561706608443524, 0.026235612728503725, 0.060914552736982645
7 -> 3, 0.2537316432357892, 0.020734597156398103, 0.04906542056074766
3 -> 9, 0.23357111467434402, 0.03842247799593771, 0.03938584779706275
9 -> 3, 0.11163886855829967, 0.028351387948544346, 0.05240320427236315
4 -> 5, 0.1714240119523043, 0.031990521327014215, 0.02570093457943925
5 -> 4, 0.06325770141354439, 0.018957345971563982, 0.02570093457943925
5 -> 6, 0.2309348010130709, 0.043246445497630334, 0.0448931909212283
6 -> 5, 0.18542256035447904, 0.02665876777251185, 0.05390520694259012
5 -> 15, 0.2775125584298007, 0.07735274204468517, 0.05440587449933244
15 -> 5, 0.19967938878761468, 0.056194989844278946, 0.04964953271028037
6 -> 9, 0.14297295123300344, 0.06516587677725119, 0.010180240320427237
9 -> 6, 0.10258611213065383, 0.04392349356804333, 0.01093124165554072
6 -> 10, 0.28224464007417865, 0.01032498307379824, 0.06550400534045393
10 -> 6, 0.14586483400256325, 0.026828029790115098, 0.06950934579439252
7 -> 8, 0.05974702838146786, 0.031990521327014215, 0.02102803738317757
8 -> 7, 0.187278348232029, 0.03672985781990521, 0.02336448598130841
7 -> 11, 0.22822175511167334, 0.046039268788083954, 0.049399198931909215
11 -> 7, 0.13002160850658312, 0.040538253215978336, 0.03638184245660881
9 -> 10, 0.18178188361879535, 0.02225795531482735, 0.04247329773030708
10 -> 9, 0.12958623994328142, 0.026066350710900472, 0.06275033377837116
9 -> 12, 0.16008672817354513, 0.08056872037914692, 0.0065086782376502
12 -> 9, 0.1061534370163545, 0.057295192958700066, 0.005841121495327103
10 -> 16, 0.40707461243539017, 0.028182125930941097, 0.10931241655540722
16 -> 10, 0.208439883444709, 0.039014895057549084, 0.1289218958611482
11 -> 12, 0.1497853474239826, 0.01794177386594448, 0.048230974632843794
12 -> 11, 0.1038372973950826, 0.01514895057549086, 0.045727636849132176
11 -> 13, 0.12735208266619166, 0.05848002708192282, 0.008177570093457943
13 -> 11, 0.05631754976572564, 0.048662830060934324, 0.009345794392523364
12 -> 13, 0.05208099847440104, 0.048408937034529455, 0.0011682242990654205
13 -> 12, 0.05861867267607869, 0.056448882870683816, 0.0011682242990654205
12 -> 19, 0.21997264835543548, 0.046885578876100203, 0.0664218958611482
19 -> 12, 0.15764910701152743, 0.019888287068381857, 0.05390520694259012
13 -> 19, 0.16563717480442092, 0.09876438727149628, 0.009345794392523364
19 -> 13, 0.11551440317753013, 0.10883547731888964, 0.015186915887850467
14 -> 15, 0.14507617226820807, 0.027251184834123223, 0.02453271028037383
15 -> 14, 0.04365395552642802, 0.026066350710900472, 0.02219626168224299
15 -> 16, 0.19774815992222125, 0.06271157752200406, 0.0462283044058745
16 -> 15, 0.06820372605316229, 0.029874746106973594, 0.018775033377837116
15 -> 18, 0.11839712985669083, 0.06194989844278944, 0.02570093457943925
18 -> 15, 0.17654927797107015, 0.07244414353419093, 0.04255674232309746
16 -> 19, 0.2517890396427928, 0.07024373730534868, 0.12483311081441922
19 -> 16, 0.28603941414810724, 0.061696005416384564, 0.07134512683578104
16 -> 20, 0.29574647402344617, 0.048408937034529455, 0.06542056074766354
20 -> 16, 0.7271932665510832, 0.03850710900473934, 0.1204105473965287
17 -> 18, 0.19470558841049196, 0.04028436018957346, 0.02336448598130841
18 -> 17, 0.026624925127382907, 0.027251184834123223, 0.02453271028037383
18 -> 20, 0.13642485097895476, 0.06499661475964794, 0.017523364485981307
20 -> 18, 0.078693015039828, 0.08496953283683141, 0.04606141522029372
19 -> 21, 0.4965014893954479, 0.04883209207853757, 0.15987983978638184
21 -> 19, 0.9670894319102438, 0.0, 0.004756341789052069
19 -> 22, 0.07299229951430104, 0.10798916723087339, 9.17890520694259E-4
22 -> 19, 0.40530548547979867, 0.13253215978334462, 0.09120493991989319
20 -> 21, 0.08195347172059811, 0.037153012863913336, 0.019025367156208277
21 -> 20, 0.3322757864194606, 0.04028436018957346, 0.06733978638184246
20 -> 26, 0.146620826961479, 0.07261340555179417, 0.056074766355140186
26 -> 20, 0.46654076874337125, 0.0890318212593094, 0.09012016021361816
21 -> 27, 0.10600228029687421, 0.03952268111035884, 0.02570093457943925
27 -> 21, 0.1388215898177812, 0.018957345971563982, 0.015270360480640854
21 -> 28, 0.2535749392084317, 0.04383886255924171, 0.1438584779706275
28 -> 21, 0.22531313090957572, 0.01396411645226811, 0.04747997329773031
22 -> 24, 0.060260854505227446, 0.06533513879485443, 0.002336448598130841
24 -> 22, 0.7141541448713209, 0.08073798239675017, 0.06141522029372497
22 -> 28, 0.1379984743633182, 0.06465809072444144, 0.037383177570093455
28 -> 22, 0.25054789188205856, 0.08683141503046717, 0.07443257676902537
23 -> 24, 0.26249429015969944, 0.031990521327014215, 0.035046728971962614
24 -> 23, 0.05735576511668306, 0.027251184834123223, 0.028037383177570093
24 -> 29, 0.5396216283127764, 0.029536222071767097, 0.041638851802403204
29 -> 24, 0.2616204894405872, 0.041384563303994586, 0.08436248331108144
24 -> 32, 0.07372767975349605, 0.02962085308056872, 0.02453271028037383
32 -> 24, 0.17266507358457847, 0.02962085308056872, 0.02570093457943925
25 -> 26, 0.16070076208799877, 0.024881516587677725, 0.037383177570093455
26 -> 25, 0.046046159495331467, 0.035545023696682464, 0.029205607476635514
26 -> 27, 0.20760558314325, 0.06922816519972919, 0.060914552736982645
27 -> 26, 0.14928229426752404, 0.036306702775897086, 0.02219626168224299
26 -> 31, 0.13950189738241653, 0.06296547054840894, 0.04789719626168224
31 -> 26, 0.48564015818766854, 0.11941435341909276, 0.1054739652870494
27 -> 28, 0.1788140492181073, 0.0743906567366283, 0.06083110814419226
28 -> 27, 0.11317621592948197, 0.03867637102234259, 0.012850467289719626
28 -> 29, 0.34475114250247135, 0.048408937034529455, 0.12741989319092123
29 -> 28, 0.9319848594018262, 0.0026235612728503725, 0.024783044058744992
29 -> 30, 0.35753288924376037, 0.06372714962762356, 0.09137182910547396
30 -> 29, 0.4353034516644879, 0.022681110358835476, 0.037299732977303074
30 -> 31, 0.2313317279321289, 0.08048408937034529, 0.055490654205607476
31 -> 30, 0.05436012076184711, 0.03114421123899797, 0.008427903871829106
30 -> 34, 0.05889791645604799, 0.031990521327014215, 0.030373831775700934
34 -> 30, 0.18717317257426136, 0.03317535545023697, 0.028037383177570093
31 -> 33, 0.07483595277513111, 0.024881516587677725, 0.026869158878504672
33 -> 31, 0.19631565029920456, 0.031990521327014215, 0.036214953271028034
