routing type,vehicles,avg speed,avg time to finish trip,proportion of finished trips,optimaldiffavg,optimaldiff10%avg,dijdiffavg,dijdiff10%avg,algo processing time (ms),"(note only 80% of vehicles are tracked, the other 20% are used to initially populate the network)"
0,500,13.91755484,132.9975,1,1.328199815,4.792500739,0,0,,
0,1000,12.93802345,141.7875,1,15.75221345,128.74575,0,0,,
0,1500,8.818762699,213.9916597,0.999166667,65.92123558,378.812038,0,0,,
0,2000,7.374898399,249.8251366,0.915,117.4757785,687.0762454,0,0,,
0,2500,6.700409446,263.848652,0.816,178.9181322,1137.57438,0,0,,
0,3000,6.620906541,267.119828,0.775416667,176.0066884,965.4674584,0,0,,
3,500,13.93027806,132.885,1,1.207266934,3.981326804,-0.0252426,0,,
3,1000,13.80825275,131.5925,1,4.887978964,33.01223435,-1.939242591,0.631161974,,
0,1000,69.32573599,53.41304348,1,0,0,0,0,457.408857,
0,1500,69.34614088,53.21973094,1,0,0,0,0,602.329224,
0,2000,68.9029309,52.93950178,1,0.832032465,7.540856677,0,0,824.05764,
0,2500,67.48895831,54.28654971,1,3.383324658,25.86550579,0,0,1006.357258,
0,3000,64.22167889,57.6056338,1,9.688416519,65.19647153,0,0,1185.894151,
0,3500,59.99005346,61.98843931,1,19.18229956,129.2440318,0,0,1369.271691,
0,4000,53.61752342,69.89175258,1,35.76025761,231.4436002,0,0,1616.14866,
0,4500,43.55794381,86.33026114,1,73.30169981,488.3198464,0,0,1817.882705,
0,5000,34.80339609,100.0952381,0.900414938,107.7906176,908.5234867,0,0,1879.464805,
0,1000,26.57007376,118.625,1,0.523841475,1.291371455,0,0,12.926776,
0,1500,26.58392707,119.6525,1,0.728968448,2.966001961,0,0,6.036469,
0,2000,25.54457922,124.953125,1,4.819218138,27.02184271,0,0,8.111298,
0,2500,19.58545766,161.919959,0.9745,36.06216664,245.4390558,0,0,11.112839,
0,3000,15.56373384,190.2941767,0.83,69.693985,411.2594558,0,0,20.598768,
0,3500,15.13324102,184.1321411,0.718928571,86.98476972,509.845857,0,0,16.150763,
0,4000,14.58957235,191.5719064,0.6540625,109.8344138,614.0486194,0,0,19.794557,
0,4500,15.14229454,188.9345064,0.568333333,121.7290121,683.3756276,0,0,24.700397,
0,5000,14.05328402,194.5295844,0.51125,131.5839654,675.3553406,0,0,40.086038,
2,1000,25.43864603,132.795,1,11.20671401,103.5969103,10.60274501,102.1320299,11.472704,
2,1500,25.38976876,134.9625,1,12.22102763,107.1284804,10.95515111,104.6867753,5.841118,
2,2000,24.71739612,138.389375,1,14.67335248,112.2693863,9.860686842,100.8772442,7.82924,
2,2500,23.32786154,145.3615023,0.9585,22.16379997,152.3507278,8.594069754,103.7968367,10.584425,
2,3000,17.95767151,184.7673893,0.9225,50.78414623,270.978107,10.52035454,127.209063,17.132733,
2,3500,16.07365285,187.8604224,0.777857143,69.90796154,394.1491447,5.053848548,70.78488186,14.579513,
2,4000,15.24491453,187.8017048,0.6965625,88.28802383,472.196551,5.534277034,71.08311751,17.198929,
2,4500,13.02547712,213.9543081,0.638333333,117.3453144,553.5615376,4.661425841,78.17254411,21.722745,
2,5000,12.32308788,215.7765388,0.5605,142.5010728,704.5013614,2.55526583,67.27079941,35.756889,
3,1000,26.57007376,118.625,1,0.523841475,1.291371455,0,0,38442.3285,
3,1500,26.58392707,119.6525,1,0.728968448,2.966001961,0,0,61343.95029,
3,2000,25.8330855,123.993125,1,4.328657629,23.02243614,0.003919649,1.062762494,114863.0001,
3,2500,19.90778997,171.2395,1,43.07898845,248.8025417,1.786205742,45.79557251,211012.8724,
3,3000,16.74907189,35,0.003589375,45.83333333,75,0,0,309639.8377,
3,3500, NaN, NaN, NaN,0,0,0,0,0,
3,4000, NaN, NaN, NaN,0,0,0,0,0,
3,4500, NaN, NaN, NaN,0,0,0,0,0,
3,5000, NaN, NaN, NaN,0,0,0,0,0,
0,5000,14.35964319,184.123795,0.49275,126.6050998,695.1235814,0,0,68.770973,
2,5000,12.32249463,216.1327986,0.561,142.6675721,704.632255,2.511009788,67.80502319,61.926332,
0,1000,12.93802345,141.7875,1,15.75100051,128.74575,0,0,47.012427,
0,1500,8.818762699,213.9916597,0.999166667,65.92204488,378.812038,0,0,39.243792,
0,2000,7.374958892,249.8230874,0.915,117.4696551,687.0762454,0,0,53.446208,
0,2500,6.700409446,263.848652,0.816,178.9181322,1137.57438,0,0,67.579067,
0,3000,6.643553428,266.4377358,0.772916667,169.3158471,900.3717438,0,0,113.345958,
0,3500,6.288087502,286.7000498,0.716785714,216.1922023,1188.035054,0,0,237.188696,
0,4000,6.064244521,293.8970874,0.646173149,251.1573764,1365.715825,0,0,415.83262,
0,4500,5.514302219,318.5264133,0.612372304,308.7638443,1705.773014,0,0,608.154988,
0,5000,5.062045423,324.2307692,0.557954253,327.0971594,1666.99643,0,0,824.491415,
2,1000,13.94837906,158.51125,1,30.2027042,180.6148422,28.60828607,176.8967438,39.286192,
2,1500,13.92837913,157.8683333,1,28.38014299,167.0961357,26.45806898,162.2907286,28.661698,
2,2000,12.89438045,167.985,1,37.17190714,220.8581627,27.05789847,184.0727102,37.593726,
2,2500,10.47553015,203.9612286,0.993,70.63107986,435.4593823,24.23380745,172.8695069,47.876531,
2,3000,9.817345027,213.1698194,0.969166667,90.84848974,582.3077908,22.08194907,162.8281347,66.594443,
2,3500,8.633122074,234.1126648,0.893928571,118.6459871,732.2382537,12.71355463,155.3963306,169.472882,
2,4000,8.385358959,236.9308044,0.893596987,116.8909198,676.9628948,13.68132307,152.3033754,266.610191,
2,4500,7.055064219,271.6803499,0.835300731,160.6506313,839.7191964,6.638439335,143.3772412,358.256305,
2,5000,6.339430295,278.8830673,0.733893557,184.8252721,906.6785969,6.071747906,124.9985127,584.923497,
3,2500,19.51067021,174.3405,1,44.08766239,236.5252334,3.030082209,49.76825944,271077.9761,
3,3000,16.84582137,180.0375505,0.72125,76.34839402,440.4205518,11.96444402,114.5667641,450876.6285,
3,3500,17.3164307,167.2539497,0.610357143,81.17815749,463.239224,12.41875541,110.8157786,794588.8663,
3,4000,14.45043988,202.1854975,0.5559375,123.9788323,666.480092,15.64434977,158.3403543,1214400.206,
3,4500,14.04056299,184.8465171,0.470555556,115.9969671,646.5439527,7.251912883,98.6314134,1846011.043,
3,5000,14.5599301,170.6660494,0.405,111.2761148,650.290404,2.758230045,75.79235361,3063825.88,
3,2,31.10047847,104.5,1,0.3125,0.625,0,0,43.732165,
3,2,31.10047847,104.5,1,0.3125,0.625,0,0,25.812148,
3,2,31.10047847,104.5,1,0.3125,0.625,0,0,26.801396,
3,2,31.10047847,104.5,1,0.3125,0.625,0,0,41.975489,
3,2,31.10047847,104.5,1,0.3125,0.625,0,0,32.147903,
3,2,31.10047847,104.5,1,0,0,0,0,40.824347,
3,3,29.18287938,85.66666667,1,0,0,0,0,132.778698,
3,5,30.8988764,106.8,1,0,0,0,0,5840.17094,
3,6,30.46594982,93,1,0,0,0,0,72704.86251,
3,6,30.46594982,93,1,0,0,0,0,44.148656,
3,506,26.21186692,120.1067194,1,0,0,0,0,9597.142765,
3,1000,26.57007376,118.625,1,0,0,0,0,37826.15232,
3,1500,26.58392707,119.6525,1,0,0,0,0,61138.05008,
3,2000,25.8330855,123.993125,1,0.005621984,1.062762494,0.003919649,1.062762494,113063.9455,
3,2500,19.90778997,171.2395,1,1.871222495,46.58843825,1.786205742,45.79557251,211539.7664,
3,3000,16.01698181,184.1326413,0.7225,14.70441357,127.8767831,14.27903366,133.0759298,465902.6703,
3,1000,12.93996279,141.76625,1,15.74268636,128.74575,0,0,51.907015,1
3,1500,8.877689832,212.5675,1,64.888406,373.0545595,0,0,33.509305,1
3,2000,7.426819587,247.1601375,0.909375,116.0509149,679.7013855,0,0,44.961106,1
3,2500,6.768962559,259.2740741,0.81,175.7419228,1133.389169,0,0,70.674922,1
3,3000,6.543700939,268.3500539,0.7725,174.1230018,927.5017311,0,0,109.984648,1
3,3500,6.256885004,288.8516865,0.72,217.5264813,1182.508065,0,0,230.463266,1
3,4000,6.017428256,299.0717036,0.654488189,264.7863946,1462.227063,0,0,395.498735,1
3,4500,5.475521268,317.7198892,0.611974019,308.5078708,1667.878289,0,0,609.202097,1
3,5000,5.032722544,326.4765879,0.554641296,340.3475432,1820.827112,0,0,865.269012,1
3,1000,12.93996279,141.76625,1,15.74268636,128.74575,0,0,55.237289,0.8
3,1500,8.888328189,213.0275,1,65.38620007,378.3615314,0.333590167,3.705619979,32.603794,0.8
3,2000,7.581804113,243.15189,0.909375,115.3931207,700.1540195,1.90056208,21.0794492,46.452613,0.8
3,2500,7.829691465,238.7127907,0.86,119.4937169,685.7654829,0.592694708,15.34257399,263.296137,0.8
3,3000,7.464446662,254.1911458,0.8,151.0794829,796.8222458,1.868237501,29.47194082,456.001143,0.8
3,3500,7.14106484,275.2846751,0.736428571,194.5553181,1025.329757,2.549006403,39.65999768,719.094107,0.8
3,4000,6.980516729,283.261489,0.68,235.0767423,1304.943891,2.102444627,35.13963155,1023.404599,0.8
3,4500,6.46680481,285.7197827,0.61549178,257.5719421,1406.543606,1.749411593,34.94953912,1642.85232,0.8
3,5000,6.039480346,295.1026087,0.60130719,289.8586821,1592.737191,2.498471371,42.091544,2271.021886,0.8
3,1000,13.27813734,138.6725,1,12.63308096,102.669712,1.542598513,17.93543806,57.709772,0.4
3,1500,11.13656396,175.8516667,1,37.48668846,239.7065485,6.751089549,89.79645322,46.263545,0.4
3,2000,10.94900385,199.9213836,0.99375,73.82405465,482.2974226,23.16890922,252.574815,53.272047,0.4
3,2500,9.152858118,236.1111111,0.8865,110.8490228,673.3520318,20.44082677,282.0360686,118.134677,0.4
3,3000,9.57193559,253.0042533,0.881666667,140.1873856,825.420629,30.11682578,337.0852128,240.966928,0.4
3,3500,9.797882956,250.6345004,0.836428571,146.1905842,812.5355701,32.78744755,344.787137,721.448347,0.4
3,4000,10.20073286,243.8775144,0.87,129.0878157,709.4240329,25.92653532,294.0404542,1051.747857,0.4
3,1000,13.92878346,155.4706724,0.897304236,25.44584364,125.0703375,23.93253256,122.1808938,1489.006722,0
3,1500,13.60745426,150.3072862,0.906220096,22.37264704,100.6821009,20.8762292,97.59094326,2762.302857,0
3,2000,13.99683669,136.912895,0.884441088,17.85777165,79.61277387,16.36571754,76.55597994,3906.583919,0
3,2500,13.50875518,129.4629768,0.899125757,19.66674632,89.94281509,17.95582382,86.2817807,5689.514814,0
3,3000,13.87199076,122.5712357,0.884707288,21.62833769,100.320514,19.9319545,96.23904217,6892.818937,0
3,3500,13.82099974,128.733191,0.924063116,21.67922814,112.3578658,19.96787237,108.5557025,7824.312151,0
3,4000,13.68191385,122.3323263,0.912683824,21.69240702,112.2028971,19.6292553,106.9771518,9223.910294,0
3,4500,13.83465572,120.9696699,0.928748964,21.04151365,100.8396004,18.96620657,96.00242219,10475.65021,0
3,5000,13.67158921,128.1763029,0.93668955,24.82216647,143.2908644,22.6663287,136.951606,11735.24148,0
3,1000,13.95577379,185.07125,1,67.8331882,408.4023259,65.70710803,400.7647556,117.937696,0.1
3,1500,13.94907425,178.9533333,1,61.69061867,390.8039692,59.64236643,384.2610476,407.942186,0.1
3,2000,13.9220574,168.489375,1,45.17170126,276.2198847,43.07766264,269.808105,878.98398,0.1
3,2500,13.95880413,176.5212819,0.9985,45.68737705,248.664741,43.19895529,242.5561115,1527.181262,0.1
3,3000,13.87277875,172.1697248,0.999166667,45.23731378,255.0900453,41.57177875,246.6918343,2242.350961,0.1
3,3500,13.99772604,170.6499629,0.962142857,39.72809939,201.6763687,35.33979239,192.7471849,3140.792145,0.1
3,4000,13.64753367,176.5136468,0.9503125,39.67309561,191.1383324,28.77693148,158.4727452,3823.782575,0.1
3,4500,13.89034172,159.7226324,0.865277778,36.49589842,194.4862825,27.76085469,172.706972,4999.643025,0.1
3,5000,14.06838552,165.4099362,0.90075,33.55284248,156.9833598,25.18256173,136.9784376,6679.987565,0.1
3,1000,13.93781737,150.40375,1,37.75772403,302.5395403,35.81168503,295.8647145,21.500905,0.2
3,1500,13.89985062,171.2608333,1,61.12369692,453.841145,57.4829569,437.4357868,64.349432,0.2
3,2000,13.83851791,190.71,1,84.56083481,575.3085748,78.29292857,549.7923853,218.908435,0.2
3,2500,13.17446771,195.102,1,74.03779678,440.9331518,61.66266961,402.5903885,484.664534,0.2
3,3000,12.6774044,206.4543933,0.995833333,90.08701659,559.2093436,71.36651229,491.4456714,807.841198,0.2
3,3500,12.02783763,213.9091896,0.987142857,87.65045308,514.0019838,55.57355094,416.1277247,1435.8259,0.2
3,4000,12.00885107,211.1350503,0.995,80.74721373,457.4383182,43.89339599,336.7227195,1992.474747,0.2
3,4500,12.60820847,204.0704501,0.993611111,69.84329531,369.9985313,33.75663054,236.6063797,3167.324989,0.2
3,5000,12.35383324,202.9757244,0.95775,71.79472022,384.3325124,37.29473409,255.5491053,4181.523871,0.2
3,1000,13.58348763,137.04875,1,11.07714714,83.62710307,2.985970161,36.43751168,21.100967,0.3
3,1500,12.71653762,164.7808333,1,38.06346191,292.1170033,19.49076681,190.8071474,35.690729,0.3
3,2000,10.79409039,212.8662461,0.990625,86.36759043,550.4433078,37.24814729,363.3151644,63.616412,0.3
3,2500,10.16902565,241.597237,0.941,112.2235652,652.8309066,35.47924472,359.1717221,171.795681,0.3
3,3000,10.82415365,231.6755809,0.950416667,113.4633349,689.485425,31.42948336,327.9360307,446.777474,0.3
3,3500,11.18920818,227.8136118,0.923571429,106.261218,593.8505211,38.15225266,355.2225837,834.502213,0.3
3,4000,10.93709938,233.8004209,0.8909375,106.411285,593.1065967,32.50251619,288.342513,1322.253792,0.3
3,4500,10.84929248,233.4955128,0.866666667,112.6670533,584.568398,28.86841367,268.1806951,1881.51066,0.3
3,5000,10.90201563,252.7362226,0.9345,141.8619771,757.2506808,40.0895954,351.5523932,2832.576167,0.3
3,1000,13.27813734,138.6725,1,12.63308096,102.669712,1.542598513,17.93543806,21.05728,0.4
3,1500,11.13656396,175.8516667,1,37.48668846,239.7065485,6.751089549,89.79645322,32.213118,0.4
3,2000,10.94900385,199.9213836,0.99375,73.82405465,482.2974226,23.16890922,252.574815,45.824238,0.4
3,2500,9.152858118,236.1111111,0.8865,110.8490228,673.3520318,20.44082677,282.0360686,96.339415,0.4
3,3000,9.57193559,253.0042533,0.881666667,140.1873856,825.420629,30.11682578,337.0852128,215.079263,0.4
3,3500,9.797882956,250.6345004,0.836428571,146.1905842,812.5355701,32.78744755,344.787137,673.329719,0.4
3,4000,10.20073286,243.8775144,0.87,129.0878157,709.4240329,25.92653532,294.0404542,1017.360494,0.4
3,4500,9.87205566,249.1995336,0.833888889,137.2069893,745.1676112,24.79405956,276.9202375,1917.738468,0.4
3,5000,9.452415918,260.5867665,0.801,165.3083123,872.7645551,24.20629158,260.7209905,2727.680299,0.4
3,1000,13.17243484,139.27,1,12.29698294,99.26444021,0.42976421,7.332722642,21.714781,0.5
3,1500,10.33888376,184.9208333,1,42.5842603,268.4136564,2.963355147,46.22836392,31.603949,0.5
3,2000,8.937689807,225.4282895,0.95,94.09802969,607.3735935,10.44452088,157.984094,44.63301,0.5
3,2500,8.751169325,239.4667412,0.8945,108.8157249,596.7940533,8.281092791,146.2210752,96.653937,0.5
3,3000,9.324602183,240.9588498,0.840416667,124.0207873,708.6439207,20.70622424,258.0394054,133.522299,0.5
3,3500,9.198447155,255.2364425,0.823214286,140.0338415,766.5498797,22.21086159,272.9887577,315.144595,0.5
3,4000,9.020384409,268.382721,0.7740625,160.5927197,827.3088785,18.93819611,228.7058461,832.079163,0.5
3,4500,8.270394619,282.4924991,0.759166667,201.7506381,1060.145342,23.30476182,272.697961,1427.800127,0.5
3,5000,8.578989469,265.6831936,0.688849824,210.5283555,1177.322066,14.06492346,196.7237533,2905.416553,0.5
3,1000,13.12440739,139.7425,1,13.51301332,109.5357135,-0.089919185,4.055276123,20.892071,0.6
3,1500,9.336005705,203.315,1,57.96527421,364.26849,4.182454692,51.39703434,35.012989,0.6
3,2000,8.313896907,234.268902,0.950625,93.89091216,542.5982691,2.500869286,58.55455529,53.595501,0.6
3,2500,8.107860654,237.7439724,0.871,117.6248271,660.796606,3.072764208,66.07977029,128.898178,0.6
3,3000,8.47817581,240.3353086,0.84375,122.1245798,674.6866313,7.433881049,109.4688941,260.235415,0.6
3,3500,7.98604499,260.0087316,0.777142857,160.2584751,820.1922484,7.197953045,115.9284224,516.380385,0.6
3,4000,8.071274929,266.6611324,0.7340625,183.1848661,1004.482139,8.552489848,124.6441507,708.589739,0.6
3,4500,7.750767944,292.0011732,0.710277778,229.7371401,1247.842284,5.937887426,109.7846856,1199.037531,0.6
3,5000,8.02383994,284.9508798,0.682,221.2536637,1138.321403,7.245141987,119.0653833,2211.983811,0.6
3,1000,12.93996279,141.76625,1,15.74268636,128.74575,0,0,20.934085,0.7
3,1500,8.95013206,211.7091667,1,63.19055452,365.2239171,0.252850076,12.99841098,33.115971,0.7
3,2000,7.766361532,242.5959044,0.915625,109.1257861,654.1916817,2.638891558,36.66657489,51.114776,0.7
3,2500,7.490975034,253.7143685,0.863,128.8324125,703.9239056,1.895388889,33.47182925,196.490809,0.7
3,3000,7.533205248,260.4133878,0.815416667,152.3186614,797.8894176,5.219288697,76.85086192,506.643748,0.7
3,3500,7.490971155,268.464857,0.736785714,174.1159906,899.8414241,2.701205765,52.36739275,758.975183,0.7
3,4000,7.528596178,275.0901713,0.693125,204.0090292,1078.978146,2.186350214,48.41627827,876.500679,0.7
3,4500,7.355391124,279.9768404,0.671666667,210.5137291,1052.202137,0.055101837,47.1306366,1290.811383,0.7
3,5000,6.878074215,286.6535558,0.636570561,248.7640466,1331.464088,4.859358596,84.42339174,2109.43262,0.7
3,1000,12.93996279,141.76625,1,15.74268636,128.74575,0,0,21.099658,0.8
3,1500,8.888328189,213.0275,1,65.38620007,378.3615314,0.333590167,3.705619979,32.951084,0.8
3,2000,7.581804113,243.15189,0.909375,115.3931207,700.1540195,1.90056208,21.0794492,45.421955,0.8
3,2500,7.829691465,238.7127907,0.86,119.4937169,685.7654829,0.592694708,15.34257399,269.570352,0.8
3,3000,7.464446662,254.1911458,0.8,151.0794829,796.8222458,1.86795076,29.47194082,473.164053,0.8
3,3500,7.14106484,275.2846751,0.736428571,194.5553181,1025.329757,2.549006403,39.65999768,748.762842,0.8
3,4000,6.980516729,283.261489,0.68,235.0767423,1304.943891,2.102444627,35.13963155,1071.277509,0.8
3,4500,6.46680481,285.7197827,0.61549178,257.5719421,1406.543606,1.749411593,34.94953912,1718.131589,0.8
3,5000,6.039480346,295.1026087,0.60130719,289.8586821,1592.737191,2.498471371,42.091544,2392.441168,0.8
3,1000,12.93996279,141.76625,1,15.74268636,128.74575,0,0,20.62654,0.9
3,1500,8.883277766,212.7058333,1,65.69689127,380.8677969,0.107673267,1.076732673,32.140287,0.9
3,2000,7.432839878,247.629275,0.91375,120.2451922,723.9069013,1.027192697,11.20595218,48.191389,0.9
3,2500,7.472837686,243.8340128,0.8585,127.8336373,731.5419722,0.874636528,9.105708286,234.931077,0.9
3,3000,6.911243724,260.4312367,0.781666667,180.7207241,1036.468323,0.839178882,10.85498545,367.393388,0.9
3,3500,6.857551711,278.3439768,0.738214286,206.9168571,1110.11036,1.536253154,18.14269203,654.199925,0.9
3,4000,6.536486702,285.7273157,0.661870504,245.2325157,1381.923046,1.596435259,19.86983738,1022.001852,0.9
3,4500,5.7773575,304.7969543,0.618259629,298.5161692,1667.898163,1.890154189,22.38760434,1440.029978,0.9
3,5000,5.517990071,306.8261657,0.574661811,312.3230682,1705.680465,1.638762575,21.16854067,1803.796832,0.9
3,1000,12.93996279,141.76625,1,15.74268636,128.74575,0,0,21.344322,1
3,1500,8.877689832,212.5675,1,64.888406,373.0545595,0,0,32.86171,1
3,2000,7.426819587,247.1601375,0.909375,116.0509149,679.7013855,0,0,45.385842,1
3,2500,6.768962559,259.2740741,0.81,175.7419228,1133.389169,0,0,64.725188,1
3,3000,6.543700939,268.3500539,0.7725,174.1230018,927.5017311,0,0,112.663676,1
3,3500,6.256885004,288.8516865,0.72,217.5264813,1182.508065,0,0,244.864261,1
3,4000,6.017428256,299.0717036,0.654488189,264.7863946,1462.227063,0,0,424.3886,1
3,4500,5.475521268,317.7198892,0.611974019,308.5078708,1667.878289,0,0,660.362018,1
3,5000,5.032722544,326.4765879,0.554641296,340.3475432,1820.827112,0,0,906.650421,1
,,,,,,,,,,
routing type,vehicles,avg speed,avg time to finish trip,proportion of finished trips,optimaldiffavg,optimaldiff10%avg,dijdiffavg,dijdiff10%avg,algo processing time (ms),
3,1000,13.94832571,157.38,1,28.25917671,151.7924176,25.95807468,146.2673716,34.46043,0
3,1000,13.94832571,157.38,1, Infinity, Infinity, Infinity, Infinity,70.216062,0
3,1500,13.9212828,158.9233333,1, Infinity, Infinity, Infinity, Infinity,80.517084,0
3,2000,12.7709542,170.110625,1, Infinity, Infinity, Infinity, Infinity,137.117756,0
3,2500,10.64363455,199.3013561,0.9955, Infinity, Infinity, Infinity, Infinity,123.172594,0
3,3000,8.365302084,227.2065829,0.962083333, Infinity, Infinity, Infinity, Infinity,125.948276,0
3,3500,7.113821058,236.8124507,0.906428571, Infinity, Infinity, Infinity, Infinity,152.250848,0
3,4000,6.476123545,236.1780086,0.8725, Infinity, Infinity, Infinity, Infinity,208.579673,0
3,4500,5.166989888,273.5684719,0.817080045, Infinity, Infinity, Infinity, Infinity,350.600843,0
3,5000,4.369312132,290.2165434,0.759254532, Infinity, Infinity, Infinity, Infinity,493.012743,0
3,1000,13.95115332,170.43125,1, Infinity, Infinity, Infinity, Infinity,62.051452,0.1
3,1500,13.92856448,171.4366667,1, Infinity, Infinity, Infinity, Infinity,53.41574,0.1
3,2000,12.67813446,180.8325,1, Infinity, Infinity, Infinity, Infinity,60.514596,0.1
3,2500,10.32164919,217.4409251,0.9945, Infinity, Infinity, Infinity, Infinity,72.586883,0.1
3,3000,9.076980096,222.4063986,0.96375, Infinity, Infinity, Infinity, Infinity,126.488655,0.1
3,3500,7.787702852,240.3618827,0.925714286, Infinity, Infinity, Infinity, Infinity,207.790968,0.1
3,4000,6.264852868,257.6797976,0.870673379, Infinity, Infinity, Infinity, Infinity,277.328467,0.1
3,4500,4.933288847,290.9327731,0.799328296, Infinity, Infinity, Infinity, Infinity,383.39351,0.1
3,5000,4.353273245,302.8476684,0.744598765, Infinity, Infinity, Infinity, Infinity,761.121005,0.1
3,1000,13.93691737,147.90125,1, Infinity, Infinity, Infinity, Infinity,26.363065,0.2
3,1500,13.92324501,165.8958333,1, Infinity, Infinity, Infinity, Infinity,48.872761,0.2
3,2000,13.75296563,174.39375,1, Infinity, Infinity, Infinity, Infinity,47.088923,0.2
3,2500,10.43270418,219.3570707,0.99, Infinity, Infinity, Infinity, Infinity,50.592356,0.2
3,3000,8.685511169,245.742034,0.954583333, Infinity, Infinity, Infinity, Infinity,83.830794,0.2
3,3500,7.009230102,277.0078094,0.914642857, Infinity, Infinity, Infinity, Infinity,167.929429,0.2
3,4000,6.103140922,279.3632369,0.856649937, Infinity, Infinity, Infinity, Infinity,283.132382,0.2
3,4500,4.892798511,297.0876232,0.767012041, Infinity, Infinity, Infinity, Infinity,419.196155,0.2
3,5000,4.459879087,304.8870017,0.73353674, Infinity, Infinity, Infinity, Infinity,639.317297,0.2
3,1000,13.58135292,137.01875,1, Infinity, Infinity, Infinity, Infinity,28.065434,0.3
3,1500,12.55018218,164.4425,1, Infinity, Infinity, Infinity, Infinity,38.491606,0.3
3,2000,11.50251268,190.160625,1, Infinity, Infinity, Infinity, Infinity,47.904999,0.3
3,2500,8.73573798,229.8593017,0.9595, Infinity, Infinity, Infinity, Infinity,55.377338,0.3
3,3000,7.295815587,256.0338119,0.899583333, Infinity, Infinity, Infinity, Infinity,78.311802,0.3
3,3500,6.014535519,278.1720154,0.834642857, Infinity, Infinity, Infinity, Infinity,182.58671,0.3
3,4000,5.240218874,283.2119609,0.768125, Infinity, Infinity, Infinity, Infinity,292.138894,0.3
3,4500,4.46604107,307.6789623,0.69414744, Infinity, Infinity, Infinity, Infinity,458.258911,0.3
3,5000,3.843908196,315.7771958,0.640020629, Infinity, Infinity, Infinity, Infinity,712.913785,0.3
3,1000,13.27514577,138.70375,1, Infinity, Infinity, Infinity, Infinity,26.218372,0.4
3,1500,11.00361576,179.9991667,1, Infinity, Infinity, Infinity, Infinity,39.460991,0.4
3,2000,10.36047503,195.5095057,0.98625, Infinity, Infinity, Infinity, Infinity,51.100883,0.4
3,2500,7.741280431,244.6369973,0.9325, Infinity, Infinity, Infinity, Infinity,59.788563,0.4
3,3000,6.821833494,271.7714953,0.891666667, Infinity, Infinity, Infinity, Infinity,94.502671,0.4
3,3500,5.908651385,276.2651021,0.821785714, Infinity, Infinity, Infinity, Infinity,206.10791,0.4
3,4000,5.168916958,289.6531959,0.75804939, Infinity, Infinity, Infinity, Infinity,321.671311,0.4
3,4500,4.248529046,300.818025,0.654530059, Infinity, Infinity, Infinity, Infinity,495.11219,0.4
3,5000,3.98120274,316.9630659,0.642674834, Infinity, Infinity, Infinity, Infinity,857.687223,0.4
3,1000,13.15496948,139.43875,1, Infinity, Infinity, Infinity, Infinity,28.35048,0.5
3,1500,9.449984122,201.5446205,0.999166667, Infinity, Infinity, Infinity, Infinity,39.9576,0.5
3,2000,8.096845804,216.2097304,0.950625, Infinity, Infinity, Infinity, Infinity,49.780874,0.5
3,2500,6.546296192,245.1395611,0.8885, Infinity, Infinity, Infinity, Infinity,61.827965,0.5
3,3000,6.049723075,245.9023904,0.836666667, Infinity, Infinity, Infinity, Infinity,115.473873,0.5
3,3500,5.400007748,276.5143508,0.783928571, Infinity, Infinity, Infinity, Infinity,213.861634,0.5
3,4000,4.943529303,295.961671,0.726305912, Infinity, Infinity, Infinity, Infinity,411.085766,0.5
3,4500,4.161578399,305.9307321,0.644532354, Infinity, Infinity, Infinity, Infinity,573.913601,0.5
3,5000,3.920590984,323.4252684,0.618172537, Infinity, Infinity, Infinity, Infinity,891.625284,0.5
3,1000,13.09120597,140.095,1, Infinity, Infinity, Infinity, Infinity,26.209435,0.6
3,1500,8.244723138,220.4130068,0.986666667, Infinity, Infinity, Infinity, Infinity,40.89419,0.6
3,2000,7.502305108,236.8678385,0.96, Infinity, Infinity, Infinity, Infinity,50.654922,0.6
3,2500,5.922836567,266.8301136,0.88, Infinity, Infinity, Infinity, Infinity,62.967866,0.6
3,3000,5.490214983,257.1360163,0.817916667, Infinity, Infinity, Infinity, Infinity,127.558629,0.6
3,3500,4.853894736,285.3396138,0.758214286, Infinity, Infinity, Infinity, Infinity,230.382314,0.6
3,4000,4.300995961,300.7984601,0.691946098, Infinity, Infinity, Infinity, Infinity,401.444802,0.6
3,4500,4.053727435,306.1346816,0.657611771, Infinity, Infinity, Infinity, Infinity,695.644756,0.6
3,5000,3.728778208,316.3189841,0.596405648, Infinity, Infinity, Infinity, Infinity,991.398507,0.6
3,1000,12.93950642,141.77125,1, Infinity, Infinity, Infinity, Infinity,26.597125,0.7
3,1500,8.150350495,223.1756757,0.986666667, Infinity, Infinity, Infinity, Infinity,39.141492,0.7
3,2000,6.665410022,243.9261745,0.93125, Infinity, Infinity, Infinity, Infinity,53.302838,0.7
3,2500,5.566353245,261.5124493,0.8635, Infinity, Infinity, Infinity, Infinity,75.981382,0.7
3,3000,4.972735932,275.6149817,0.795416667, Infinity, Infinity, Infinity, Infinity,161.941593,0.7
3,3500,4.445632369,295.39256,0.732783357, Infinity, Infinity, Infinity, Infinity,292.808727,0.7
3,4000,3.923143058,302.1695568,0.65654649, Infinity, Infinity, Infinity, Infinity,520.172885,0.7
3,4500,3.810564539,310.3531764,0.637677054, Infinity, Infinity, Infinity, Infinity,720.051553,0.7
3,5000,3.650597702,312.0203199,0.593229033, Infinity, Infinity, Infinity, Infinity,986.995071,0.7
3,1000,12.93950642,141.77125,1, Infinity, Infinity, Infinity, Infinity,26.428606,0.8
3,1500,8.286240074,219.5316456,0.9875, Infinity, Infinity, Infinity, Infinity,39.607642,0.8
3,2000,6.522840064,249.1572959,0.93375, Infinity, Infinity, Infinity, Infinity,54.169941,0.8
3,2500,5.39172203,265.4141355,0.856, Infinity, Infinity, Infinity, Infinity,74.769977,0.8
3,3000,4.753721512,272.6247346,0.785, Infinity, Infinity, Infinity, Infinity,135.973986,0.8
3,3500,4.304568908,291.8145563,0.716428571, Infinity, Infinity, Infinity, Infinity,288.05325,0.8
3,4000,3.76230231,297.7181241,0.644521411, Infinity, Infinity, Infinity, Infinity,449.965897,0.8
3,4500,3.646425866,314.3528873,0.617256011, Infinity, Infinity, Infinity, Infinity,698.802431,0.8
3,5000,3.263589079,319.5891648,0.568240123, Infinity, Infinity, Infinity, Infinity,1038.066458,0.8
3,1000,12.93950642,141.77125,1, Infinity, Infinity, Infinity, Infinity,26.49879,0.9
3,1500,8.334550274,217.6570946,0.986666667, Infinity, Infinity, Infinity, Infinity,40.335344,0.9
3,2000,6.367446417,249.0519218,0.926875, Infinity, Infinity, Infinity, Infinity,52.492381,0.9
3,2500,5.000474525,263.6999395,0.8265, Infinity, Infinity, Infinity, Infinity,77.651976,0.9
3,3000,4.592255261,270.2344421,0.776666667, Infinity, Infinity, Infinity, Infinity,138.457555,0.9
3,3500,4.194227038,291.1056056,0.713571429, Infinity, Infinity, Infinity, Infinity,293.382189,0.9
3,4000,3.792962316,296.7698684,0.645984252, Infinity, Infinity, Infinity, Infinity,486.04895,0.9
3,4500,3.546031972,307.6108767,0.60084507, Infinity, Infinity, Infinity, Infinity,764.364073,0.9
3,5000,3.161053671,317.9032847,0.562339661, Infinity, Infinity, Infinity, Infinity,1034.010433,0.9
3,1000,12.93950642,141.77125,1, Infinity, Infinity, Infinity, Infinity,26.114085,1
3,1500,8.325719898,217.6055743,0.986666667, Infinity, Infinity, Infinity, Infinity,40.373101,1
3,2000,6.309409776,247.3649289,0.923125, Infinity, Infinity, Infinity, Infinity,52.181147,1
3,2500,4.765406736,258.6531115,0.8115, Infinity, Infinity, Infinity, Infinity,81.705302,1
3,3000,4.397431706,265.2474171,0.76625, Infinity, Infinity, Infinity, Infinity,139.803382,1
3,3500,3.966355373,290.7870511,0.706071429, Infinity, Infinity, Infinity, Infinity,299.122958,1
3,4000,3.685550188,293.5872781,0.634146341, Infinity, Infinity, Infinity, Infinity,506.383347,1
3,4500,3.438702661,313.0959666,0.610529295, Infinity, Infinity, Infinity, Infinity,823.128143,1
3,5000,2.994095089,325.4788274,0.552726337, Infinity, Infinity, Infinity, Infinity,1139.923882,1
3,1000,13.94832571,157.38,1,28.25917671,151.7924176,25.95807468,146.2673716,33.482795,0
3,1500,13.91534919,158.8683333,1,32.69077565,197.2745738,29.69686841,187.1593549,13.496196,0
3,2000,12.52497271,173.501875,1,40.28321259,236.353515,32.66236002,206.6231326,16.94436,0
3,2500,10.18887227,207.467102,0.9955,74.22588576,446.28202,37.06779866,229.9430841,19.289678,0
3,3000,8.148927162,225.3365511,0.949583333,97.60672542,592.7969586,40.85211,271.9455982,48.986672,0
3,3500,7.089968512,236.9664694,0.905357143,119.4388456,708.145611,46.00569885,302.8878029,124.178419,0
3,4000,6.249110636,240.4326575,0.863934939,134.5044474,798.7634594,49.39480422,332.9135178,222.208675,0
3,4500,5.144183513,268.0556522,0.809859155,164.5951543,860.3162606,56.7974419,345.717886,338.042102,0
3,5000,4.524342581,279.7462988,0.757197452,185.0880993,912.844426,58.7911688,363.3723133,525.036438,0
0,1000,10.4972676,174.755,1,34.76328333,204.9379225,0,0,55.761066,0.1
0,1500,7.554920313,249.8316667,1,94.70820743,535.6917223,0,0,59.153243,0.1
0,2000,5.62706747,339.900625,1,185.09365,975.9246375,0,0,71.259938,0.1
0,2500,4.321306431,451.765,1,302.39869,1508.683739,0,0,284.336509,0.1
0,3000,3.777183916,536.5075,1,389.0352522,1893.731236,0,0,510.731278,0.1
0,3500,3.310413081,657.1439286,1,522.7379644,2495.480244,0,0,986.991806,0.1
0,4000,2.878052388,798.7215625,1,688.4790634,3369.270105,0,0,1829.425159,0.1
0,4500,2.521082749,941.2975,1,856.0575432,4225.873213,0,0,2873.229641,0.1
0,5000,2.199261491,1118.3345,1,1115.663636,5866.171226,0,0,4642.872755,0.1
2,1000,13.94642551,160.4775,1,33.6333249,196.7521355,31.06994336,189.332276,33.786715,0.1
2,1500,13.45558344,161.7358333,1,30.57062641,169.2086426,26.19137274,158.5897203,36.644535,0.1
2,2000,11.66748807,185.15125,1,49.73789303,292.0009153,29.91655629,226.4734096,50.477768,0.1
2,2500,9.050331416,235.4295,1,99.39822886,616.7840935,19.89744868,189.3558595,123.18682,0.1
2,3000,7.002648539,308.18875,1,157.2198363,855.5326978,13.77980841,166.7213309,318.407753,0.1
2,3500,5.478431591,403.2932143,1,223.4140025,1092.332645,23.498403,228.8950856,601.490405,0.1
2,4000,4.47488769,487.2796875,1,315.8458541,1556.357963,9.0717478,166.5373827,1178.203442,0.1
2,4500,3.613513921,606.1897222,1,400.6261659,1757.561328,13.07763023,198.7563085,1896.65666,0.1
2,5000,2.992934642,750.17425,1,534.6665523,2250.089667,13.86134749,182.5132303,3240.92439,0.1
3,1000,13.94611035,157.405,1,28.28868807,151.9282185,25.96977109,146.3916076,45.138554,0
3,1500,13.78374018,160.1083333,1,35.12569226,215.2725123,31.73410477,203.5382922,20.842735,0
3,2000,11.80794366,183.526875,1,48.79403262,281.8588007,41.35083267,255.7313384,37.554027,0
3,2500,9.300034544,231.59,1,95.15855822,582.4714821,47.46173968,277.2458733,100.964789,0
3,3000,7.056617887,304.1441667,1,158.5553694,923.9870446,60.5122272,363.7422084,299.77741,0
3,10000,13.90961086,158.581,1,28.87278996,155.5756,25.8782696,147.9952289,106.088233,0
3,15000,12.24538454,177.5553333,1,41.62461254,255.03746,35.83334935,239.6733766,11578.35001,0
3,20000,5.938899985,363.7315,1,175.4274783,1259.860168,109.6127448,827.1063465,88749.84085,0
3,25000,2.927842936,730.1184,1,479.8273518,2860.752479,181.6003873,1108.325877,192539.6039,0
0,2500,13.80660235,132.68,1,2.967040088,15.10311558,0,0,72.893134,0.1
0,5000,8.710982333,212.596,1,56.34677573,343.2406794,0,0,113.291036,0.1
0,2500,13.80660235,132.68,1,2.967040088,15.10311558,0,0,64.404728,0.1
0,5000,8.710982333,212.596,1,56.34677573,343.2406794,0,0,122.340607,0.1
0,7500,5.486414633,346.5493333,1,186.9365017,1136.480985,0,0,2134.196892,0.1
0,10000,3.503019107,555.3795,1,365.1782941,1988.300856,0,0,10059.24224,0.1
0,12500,2.413805331,834.7268,1,627.8716467,2879.147166,0,0,33390.10518,0.1
0,2500,13.80660235,132.68,1,2.967040088,15.10311558,0,0,77.735739,0.1
0,3750,11.61460565,156.73,1,18.7686312,135.3763751,0,0,88.909827,0.1
0,5000,8.710982333,212.596,1,56.34677573,343.2406794,0,0,120.035024,0.1
0,6250,7.435343412,253.7766667,1,86.45070347,491.4249511,0,0,443.201874,0.1
0,2500,13.7867619,131.046,1,3.361089326,17.44945966,0,0,105.27643,0.1
0,3750,10.52137922,171.1942857,1,31.00954363,207.2125138,0,0,67.994579,0.1
0,5000,7.536628979,251.099,1,84.66096243,485.6968832,0,0,120.039306,0.1
0,6250,6.88266535,278.5125,1,117.1640551,673.9929551,0,0,430.871043,0.1
0,7500,4.924976918,405.0753333,1,254.7274016,1480.233137,0,0,2170.739582,0.1
0,8750,4.01009238,507.43,1,327.796086,1685.5902,0,0,3844.2542,0.1
0,10000,2.907661431,723.977,1,564.6273986,3016.266453,0,0,9916.856056,0.1
0,2500,26.84580488,120.354,1, Infinity, Infinity, Infinity, Infinity,29.318576,0.1
0,3750,26.71317342,118.16,1, Infinity, Infinity, Infinity, Infinity,40.503224,0.1
0,5000,26.70284825,118.845,1, Infinity, Infinity, Infinity, Infinity,58.232911,0.1
0,6250,25.97477885,122.1858333,1, Infinity, Infinity, Infinity, Infinity,20.524345,0.1
0,2500,26.84580488,120.354,1,0.442240164,1.214182784,0,0,20.285736,0.1
0,3750,26.71317342,118.16,1,0.444447076,1.14182084,0,0,9.336903,0.1
0,5000,26.70284825,118.845,1,0.606159553,2.349993375,0,0,14.563591,0.1
0,6250,25.97477885,122.1858333,1,2.577106092,14.57736746,0,0,15.381881,0.1
0,7500,20.11985764,159.4113333,1,24.44974697,185.8735708,0,0,544.39196,0.1
0,8750,13.00799103,247.6305882,1,80.38089521,589.3378119,0,0,1084.6063,0.1
0,10000,6.365318773,522.519,1,288.2833105,1729.08344,0,0,2242.155422,0.1
0,11250,4.240076619,788.7936364,1,485.4080707,2607.333306,0,0,5243.780596,0.1
0, 2500, 26.84580487561693, 120.354, 1.0, 0.442240163754445, 1.2141827842095458, 0.0, 0.0,11.090501000000017, 0.1
0, 3750, 26.713173421027182, 118.16, 1.0, 0.4444470756903115, 1.1418208400494625, 0.0, 0.0,5.582230000000024, 0.1
0, 5000, 26.702848247717615, 118.845, 1.0, 0.6061595533877324, 2.3499933747649653, 0.0, 0.0,8.08132000000003, 0.1
0, 6250, 25.999071583632563, 122.07166666666667, 1.0, 2.500315802269341, 14.485755753960671, 0.0, 0.0,13.969048999999943, 0.1
0, 7500, 20.11985764291121, 159.41133333333335, 1.0, 24.44974696500568, 185.8735708427491, 0.0, 0.0,476.1802640000126, 0.1
0, 8750, 12.804031470149638, 251.6670588235294, 1.0, 83.07809034878996, 605.0939584540938, 0.0, 0.0,1086.7734360095908, 0.1
2, 2500, 26.212881313682107, 128.372, 1.0, 6.85410205094918, 64.92730971587261, 6.355011509853385, 63.550115098533844,6.309858000000058, 0.1
2, 3750, 26.404932082246535, 126.51857142857143, 1.0, 6.418376338112202, 59.45103642424248, 5.923073906211709, 58.214600389074654,5.467537000000034, 0.1
2, 5000, 26.441042627619726, 129.212, 1.0, 8.630774505878996, 78.17510435206937, 7.910542952050696, 75.82706328266188,7.669183000000088, 0.1
2, 6250, 25.291071340287733, 134.84666666666666, 1.0, 11.790367716756261, 96.44441063532163, 8.839319679099493, 86.21033411689623,57.45744700000618, 0.1
2, 7500, 17.890285937565412, 191.09066666666666, 1.0, 46.69580877712338, 375.2577330584636, 19.33318207017585, 201.63067756459506,264.31161100002873, 0.1
2, 8750, 12.684230906382151, 268.8841176470588, 1.0, 97.29052107236086, 726.4334134134186, 19.179730561163097, 206.1359629617346,640.5699260026628, 0.1
4, 2500, 26.84580487561693, 120.354, 1.0, 0.442240163754445, 1.2141827842095458, 0.0, 0.0,249155.94259599995, 0.1
4, 3750, 26.713173421027182, 118.16, 1.0, 0.4444470756903115, 1.1418208400494625, 0.0, 0.0,560889.5579869994, 0.1
4, 5000, 26.702848247717615, 118.845, 1.0, 0.6061595533877324, 2.3499933747649653, 0.13440613532429513, 1.3440613532429513,1036301.4560730039, 0.1
4, 6250, 26.020565025791687, 121.97083333333333, 1.0, 2.440026204011088, 14.364655213212359, 1.870230069307954, 13.419380946878647,1807243.5272919985, 0.1
